Model,RMSE,MAE,R2
Random Forest,0.23160109194035966,0.18014528850774308,-0.4328660278680667
XGBoost,0.23872342547510533,0.18570890000025775,-0.5223498048676647
MLP,0.21054274917092225,0.15543926971611277,-0.1841452020322767
